[
{
  "model": "tracker.issue",
  "pk": 10,
  "fields": {
    "summary": "Lorem ipsum dolor sit amet, consectetur adipisicing elit. Dolorum. zxc",
    "description": "Lorem ipsum dolor sit amet, consectetur adipisicing elit. Eum, iste.Lorem ipsum dolor sit amet, consectetur adipisicing elit. Eum, iste.Lorem ipsum dolor sit amet, consectetur adipisicing elit. Eum, iste.Lorem ipsum dolor sit amet, consectetur adipisicing elit. Eum, iste.Lorem ipsum dolor sit amet, consectetur adipisicing elit. Eum, iste.Lorem ipsum dolor sit amet, consectetur adipisicing elit. Eum, iste.Lorem ipsum dolor sit amet, consectetur adipisicing elit. Eum, iste.Lorem ipsum dolor sit amet, consectetur adipisicing elit. Eum, iste.",
    "status": 5,
    "created_at": "2021-01-11T11:20:13.615Z",
    "updated_at": "2021-03-23T14:14:44.084Z",
    "project": 1,
    "types": [
      5,
      6
    ]
  }
},
{
  "model": "tracker.issue",
  "pk": 11,
  "fields": {
    "summary": "Lorem ipsum dolor sit amet.",
    "description": "",
    "status": 6,
    "created_at": "2021-02-01T11:20:28.810Z",
    "updated_at": "2021-03-18T05:25:19.782Z",
    "project": 1,
    "types": [
      6
    ]
  }
},
{
  "model": "tracker.issue",
  "pk": 12,
  "fields": {
    "summary": "Lorem ipsum dolor sit amet, consectetur adipisicing elit. Eum, iste.",
    "description": "Lorem ipsum dolor sit amet, consectetur adipisicing elit. Eum, iste.Lorem ipsum dolor sit amet, consectetur adipisicing elit. Eum, iste.Lorem ipsum dolor sit amet, consectetur adipisicing elit. Eum, iste.",
    "status": 6,
    "created_at": "2021-01-11T11:20:51.286Z",
    "updated_at": "2021-03-22T11:31:50.067Z",
    "project": 1,
    "types": [
      4
    ]
  }
},
{
  "model": "tracker.issue",
  "pk": 13,
  "fields": {
    "summary": "Lorem ipsum dolor sit amet, consectetur adipisicing elit. Eum, iste.",
    "description": "Lorem ipsum dolor sit amet, consectetur adipisicing elit. Eum, iste.Lorem ipsum dolor sit amet, consectetur adipisicing elit. Eum, iste.Lorem ipsum dolor sit amet, consectetur adipisicing elit. Eum, iste.Lorem ipsum dolor sit amet, consectetur adipisicing elit. Eum, iste.Lorem ipsum dolor sit amet, consectetur adipisicing elit. Eum, iste.Lorem ipsum dolor sit amet, consectetur adipisicing elit. Eum, iste.Lorem ipsum dolor sit amet, consectetur adipisicing elit. Eum, iste.Lorem ipsum dolor sit amet, consectetur adipisicing elit. Eum, iste.Lorem ipsum dolor sit amet, consectetur adipisicing elit. Eum, iste.zxc",
    "status": 4,
    "created_at": "2021-02-11T11:21:44.463Z",
    "updated_at": "2021-03-23T14:15:01.045Z",
    "project": 1,
    "types": [
      5
    ]
  }
},
{
  "model": "tracker.issue",
  "pk": 14,
  "fields": {
    "summary": "Lorem ipsum dolor sit amet, consectetur adipisicing elit. Eum, iste.",
    "description": "Lorem ipsum dolor sit amet, consectetur adipisicing elit. Eum, iste.",
    "status": 4,
    "created_at": "2021-01-11T11:22:18.679Z",
    "updated_at": "2021-03-22T11:06:45.788Z",
    "project": 1,
    "types": [
      4
    ]
  }
},
{
  "model": "tracker.issue",
  "pk": 15,
  "fields": {
    "summary": "Qweolorum, ipsa.",
    "description": "",
    "status": 5,
    "created_at": "2021-03-14T10:55:27.099Z",
    "updated_at": "2021-03-14T10:55:27.099Z",
    "project": 1,
    "types": [
      4,
      5
    ]
  }
},
{
  "model": "tracker.issue",
  "pk": 16,
  "fields": {
    "summary": "Dolorum, ipsa bug.",
    "description": "Lorem ipsum dolor sit amet, consectetur adipisicing elit. Dolorum, ipsa.Lorem ipsum dolor sit amet, consectetur adipisicing elit. Dolorum, ipsa.Lorem ipsum dolor sit amet, consectetur adipisicing elit. Dolorum, ipsa.",
    "status": 4,
    "created_at": "2021-03-14T11:51:27.520Z",
    "updated_at": "2021-03-22T11:11:27.327Z",
    "project": 1,
    "types": [
      4,
      5,
      6
    ]
  }
},
{
  "model": "tracker.issue",
  "pk": 17,
  "fields": {
    "summary": "Lorem ipsum dolor sit amet bug.",
    "description": "QWE",
    "status": 6,
    "created_at": "2021-01-15T12:42:01.905Z",
    "updated_at": "2021-02-15T12:42:14.825Z",
    "project": 1,
    "types": [
      4,
      5
    ]
  }
},
{
  "model": "tracker.issue",
  "pk": 20,
  "fields": {
    "summary": "Bug lorem ipsum dolor sit amet, consectetur adipisicing elit. Eum, iste.",
    "description": "QWEASD",
    "status": 6,
    "created_at": "2021-01-16T11:11:03.552Z",
    "updated_at": "2021-03-22T11:24:12.440Z",
    "project": 1,
    "types": [
      5,
      6
    ]
  }
},
{
  "model": "tracker.issue",
  "pk": 21,
  "fields": {
    "summary": "Lorem bug ipsum dolor sit amet.",
    "description": "Lorem ipsum dolor sit amet.",
    "status": 5,
    "created_at": "2021-03-20T15:43:42.626Z",
    "updated_at": "2021-03-20T15:43:42.626Z",
    "project": 1,
    "types": [
      4
    ]
  }
},
{
  "model": "tracker.issue",
  "pk": 22,
  "fields": {
    "summary": "Lorem ipsum dolor sit.",
    "description": "Lorem ipsum dolor sit.",
    "status": 5,
    "created_at": "2021-03-20T15:44:42.585Z",
    "updated_at": "2021-03-20T15:44:42.586Z",
    "project": 1,
    "types": [
      5
    ]
  }
},
{
  "model": "tracker.issue",
  "pk": 23,
  "fields": {
    "summary": "New bug Lorem ipsum dolor sit amet, consectetur adipisicing elit. Eum, iste.",
    "description": "",
    "status": 5,
    "created_at": "2021-03-20T16:59:39.782Z",
    "updated_at": "2021-03-20T16:59:39.782Z",
    "project": 1,
    "types": [
      4
    ]
  }
},
{
  "model": "tracker.issue",
  "pk": 25,
  "fields": {
    "summary": "Qweolorum, ipsa.",
    "description": "Bug new",
    "status": 4,
    "created_at": "2021-03-23T13:38:13.980Z",
    "updated_at": "2021-03-23T13:38:13.980Z",
    "project": 1,
    "types": [
      4
    ]
  }
},
{
  "model": "tracker.issue",
  "pk": 26,
  "fields": {
    "summary": "New issue Lorem ipsum dolor sit amet, consectetur adipisicing elit. Eum, iste.",
    "description": "New issue Lorem ipsum dolor sit amet, consectetur adipisicing elit. Eum, iste.",
    "status": 4,
    "created_at": "2021-03-24T15:23:16.306Z",
    "updated_at": "2021-03-24T15:23:16.306Z",
    "project": 1,
    "types": [
      4
    ]
  }
},
{
  "model": "tracker.issue",
  "pk": 27,
  "fields": {
    "summary": "In progress issue Lorem ipsum dolor sit amet, consectetur adipisicing elit. Eum, iste.",
    "description": "",
    "status": 5,
    "created_at": "2021-03-24T15:23:48.550Z",
    "updated_at": "2021-03-24T15:23:48.550Z",
    "project": 1,
    "types": [
      4
    ]
  }
},
{
  "model": "tracker.issue",
  "pk": 28,
  "fields": {
    "summary": "Done issue orem ipsum dolor sit amet, consectetur adipisicing elit.",
    "description": "Done issue orem ipsum dolor sit amet, consectetur adipisicing elit.Done issue orem ipsum dolor sit amet, consectetur adipisicing elit.",
    "status": 6,
    "created_at": "2021-03-24T15:24:25.409Z",
    "updated_at": "2021-03-24T15:24:25.409Z",
    "project": 1,
    "types": [
      4
    ]
  }
},
{
  "model": "tracker.issue",
  "pk": 29,
  "fields": {
    "summary": "New enhancement ipsum dolor sit amet, consectetur adipisicing elit. Eum, iste.",
    "description": "Eum, iste. New enhancement ipsum dolor sit amet, consectetur adipisicing elit. Eum, iste.",
    "status": 4,
    "created_at": "2021-03-24T15:27:06.543Z",
    "updated_at": "2021-03-24T15:27:06.543Z",
    "project": 1,
    "types": [
      5
    ]
  }
},
{
  "model": "tracker.issue",
  "pk": 30,
  "fields": {
    "summary": "In progress enhancement dolor sit amet.",
    "description": "",
    "status": 5,
    "created_at": "2021-03-24T15:27:44.529Z",
    "updated_at": "2021-03-24T15:27:44.529Z",
    "project": 1,
    "types": [
      5
    ]
  }
},
{
  "model": "tracker.issue",
  "pk": 31,
  "fields": {
    "summary": "In progress bug consectetur adipisicing elit, iste.",
    "description": "",
    "status": 5,
    "created_at": "2021-03-24T15:28:46.274Z",
    "updated_at": "2021-03-24T15:28:46.274Z",
    "project": 1,
    "types": [
      6
    ]
  }
},
{
  "model": "tracker.issue",
  "pk": 32,
  "fields": {
    "summary": "Done issue orem ipsum dolor sit amet.",
    "description": "",
    "status": 6,
    "created_at": "2021-03-24T15:29:22.008Z",
    "updated_at": "2021-03-24T15:51:49.520Z",
    "project": 1,
    "types": [
      4
    ]
  }
},
{
  "model": "tracker.issue",
  "pk": 33,
  "fields": {
    "summary": "Done enhacement amet, consectetur adipisicing elit.",
    "description": "Done enhacement amet, consectetur adipisicing elit. enhacement amet, consectetur adipisicing elit.",
    "status": 6,
    "created_at": "2021-03-24T15:30:11.997Z",
    "updated_at": "2021-03-24T15:30:11.997Z",
    "project": 1,
    "types": [
      5
    ]
  }
},
{
  "model": "tracker.issue",
  "pk": 34,
  "fields": {
    "summary": "Done bug orem ipsum  consectetur adipisicing elit.",
    "description": "",
    "status": 6,
    "created_at": "2021-03-24T15:30:42.297Z",
    "updated_at": "2021-03-24T15:30:42.297Z",
    "project": 1,
    "types": [
      6
    ]
  }
},
{
  "model": "tracker.issue",
  "pk": 36,
  "fields": {
    "summary": "Project issue",
    "description": "Project issue lorem ipsum dolor sit amet, consectetur adipisicing elit. Accusantium cupiditate eveniet expedita, nobis rem vel.",
    "status": 4,
    "created_at": "2021-03-27T13:13:21.206Z",
    "updated_at": "2021-03-28T05:43:15.721Z",
    "project": 2,
    "types": [
      4
    ]
  }
},
{
  "model": "tracker.issue",
  "pk": 37,
  "fields": {
    "summary": "Project in progress enhancement",
    "description": "Project in progress enhancement",
    "status": 5,
    "created_at": "2021-03-27T13:14:55.073Z",
    "updated_at": "2021-03-27T13:14:55.073Z",
    "project": 2,
    "types": [
      5
    ]
  }
},
{
  "model": "tracker.issue",
  "pk": 38,
  "fields": {
    "summary": "Project #3 new issue enhancement",
    "description": "",
    "status": 4,
    "created_at": "2021-03-27T13:29:59.040Z",
    "updated_at": "2021-04-09T08:17:33.800Z",
    "project": 3,
    "types": [
      4,
      5
    ]
  }
},
{
  "model": "tracker.issue",
  "pk": 39,
  "fields": {
    "summary": "Project #3 in progress bug",
    "description": "",
    "status": 5,
    "created_at": "2021-03-27T14:09:19.671Z",
    "updated_at": "2021-03-27T14:09:19.671Z",
    "project": 3,
    "types": [
      6
    ]
  }
},
{
  "model": "tracker.issue",
  "pk": 40,
  "fields": {
    "summary": "Project #3 Enhancement  done lorem ipsum dolor sit amet.",
    "description": "",
    "status": 6,
    "created_at": "2021-03-27T14:16:03.209Z",
    "updated_at": "2021-04-14T11:43:00.530Z",
    "project": 3,
    "types": [
      5
    ]
  }
},
{
  "model": "tracker.issue",
  "pk": 41,
  "fields": {
    "summary": "Проект 4 lorem ipsum dolor sit amet, consectetur adipisicing elit. Dolorum, ipsa.",
    "description": "Описание..................",
    "status": 4,
    "created_at": "2021-03-27T14:17:49.014Z",
    "updated_at": "2021-03-27T14:17:49.014Z",
    "project": 4,
    "types": [
      4
    ]
  }
},
{
  "model": "tracker.issue",
  "pk": 42,
  "fields": {
    "summary": "Issue enhancement in progress ipsum dolor sit amet.",
    "description": "",
    "status": 5,
    "created_at": "2021-03-31T09:28:04.462Z",
    "updated_at": "2021-03-31T09:28:04.462Z",
    "project": 2,
    "types": [
      4,
      5
    ]
  }
},
{
  "model": "tracker.issue",
  "pk": 43,
  "fields": {
    "summary": "Project #3 New issue enhancement",
    "description": "",
    "status": 4,
    "created_at": "2021-03-31T09:36:55.603Z",
    "updated_at": "2021-04-14T11:43:32.961Z",
    "project": 3,
    "types": [
      4,
      5
    ]
  }
},
{
  "model": "tracker.issue",
  "pk": 44,
  "fields": {
    "summary": "Project #3 New issue enhancement",
    "description": "",
    "status": 4,
    "created_at": "2021-03-31T09:42:22.603Z",
    "updated_at": "2021-03-31T09:42:22.603Z",
    "project": 3,
    "types": [
      4,
      5
    ]
  }
},
{
  "model": "tracker.issue",
  "pk": 46,
  "fields": {
    "summary": "qweqwe",
    "description": "",
    "status": 4,
    "created_at": "2021-03-31T10:32:33.482Z",
    "updated_at": "2021-03-31T10:32:33.482Z",
    "project": 2,
    "types": [
      5,
      6
    ]
  }
},
{
  "model": "tracker.issue",
  "pk": 51,
  "fields": {
    "summary": "PM Dev new issue",
    "description": "Qwe qwe",
    "status": 4,
    "created_at": "2021-04-14T09:05:02.754Z",
    "updated_at": "2021-04-14T11:44:39.096Z",
    "project": 10,
    "types": [
      4
    ]
  }
},
{
  "model": "tracker.type",
  "pk": 4,
  "fields": {
    "type_issue": "Задача"
  }
},
{
  "model": "tracker.type",
  "pk": 5,
  "fields": {
    "type_issue": "Улучшение"
  }
},
{
  "model": "tracker.type",
  "pk": 6,
  "fields": {
    "type_issue": "Ошибка"
  }
},
{
  "model": "tracker.status",
  "pk": 4,
  "fields": {
    "status": "Новый"
  }
},
{
  "model": "tracker.status",
  "pk": 5,
  "fields": {
    "status": "В процессе"
  }
},
{
  "model": "tracker.status",
  "pk": 6,
  "fields": {
    "status": "Сделано"
  }
},
{
  "model": "tracker.project",
  "pk": 1,
  "fields": {
    "project": "Issue tracker.",
    "project_description": "Описание....",
    "date_start": "2021-03-08",
    "date_finish": null,
    "is_deleted": true,
    "users": []
  }
},
{
  "model": "tracker.project",
  "pk": 2,
  "fields": {
    "project": "Ппроект 2",
    "project_description": "......................",
    "date_start": "2021-03-27",
    "date_finish": null,
    "is_deleted": true,
    "users": []
  }
},
{
  "model": "tracker.project",
  "pk": 3,
  "fields": {
    "project": "Project 3",
    "project_description": "Project ipsum dolor sit amet, consectetur adipisicing elit. Dolorum est illo, iste libero maxime quo voluptatibus? Aperiam consequuntur eligendi.",
    "date_start": "2021-03-28",
    "date_finish": null,
    "is_deleted": false,
    "users": [
      [
        "student"
      ]
    ]
  }
},
{
  "model": "tracker.project",
  "pk": 4,
  "fields": {
    "project": "Проект 4",
    "project_description": "Проект 4 ipsum dolor sit amet, consectetur adipisicing elit. Adipisci aliquid error ex harum, ipsam magni minus natus perferendis quo repellat sed, tenetur veritatis, voluptates voluptatibus?",
    "date_start": "2021-01-01",
    "date_finish": null,
    "is_deleted": false,
    "users": [
      [
        "developer"
      ]
    ]
  }
},
{
  "model": "tracker.project",
  "pk": 10,
  "fields": {
    "project": "PM project",
    "project_description": "PM",
    "date_start": "2021-04-12",
    "date_finish": null,
    "is_deleted": false,
    "users": [
      [
        "developer"
      ],
      [
        "project_manager"
      ],
      [
        "team_lead"
      ]
    ]
  }
},
{
  "model": "tracker.project",
  "pk": 11,
  "fields": {
    "project": "PM #2",
    "project_description": "ASD",
    "date_start": "2021-04-10",
    "date_finish": null,
    "is_deleted": false,
    "users": [
      [
        "project_manager"
      ]
    ]
  }
}
]
